<?xml version="1.0" encoding="UTF-8"?>
<project name="appguard-monitor" default="generateDex" basedir=".">
	<description>
		AppGuard Monitor
	</description>

	<!-- set global properties for this build -->
	<property name="tools.dir"            location="tools"/>
	<property name="src.dir"              location="src"/>
	<property name="bin.dir"              location="bin/classes"/>
	<property name="build.dir"            location="build"/>
	<property name="apkfile"              value="monitor.apk"/>
	<property name="android.libjar"       value="android.jar"/>
	<property name="libjar"               value="appguard-monitor.jar"/>
	<condition property="exe" value=".exe" else=""><os family="windows"/></condition>
	<condition property="bat" value=".bat" else=""><os family="windows"/></condition>
	<condition property="cmd" value=".cmd" else=""><os family="windows"/></condition>
	
	<!-- Tell android tool that this is a custom build file -->
	<!-- version-tag: custom -->

	<!-- The local.properties file is created and updated by the 'android' tool.
		 It contains the path to the SDK. It should *NOT* be checked into
		 Version Control Systems. -->
	<property file="local.properties" />

	<!-- quick check on sdk.dir -->
	<fail
		message="sdk.dir is missing. Make sure to generate local.properties using 'android update project' or to inject it through an env var"
		unless="sdk.dir"
	/>

	<!-- quick check on ndk.dir -->
	<fail
		message="ndk.dir is missing. Make sure to generate local.properties and add path to android-ndk directory: ndk.dir=/path/to/android-ndk-r8"
		unless="ndk.dir"
	/>


	<!-- The project.properties file is created and updated by the 'android' tool, as well as ADT.

		This contains project specific properties such as project target, and library
		dependencies. Lower level build properties are stored in ant.properties
		(or in .classpath for Eclipse projects).

		This file is an integral part of the build system for your
		application and should be checked into Version Control Systems. -->
	<loadproperties srcFile="project.properties" />

	<!-- compile target -->
	<target name="compile" description="compile the source">
		<mkdir dir="${bin.dir}"/>
		<echo>Classpath is set to ${sdk.dir}/platforms/${target}/${android.libjar}</echo>
		<javac destdir="${bin.dir}" classpath="${sdk.dir}/platforms/${target}/${android.libjar}" debug="off" optimize="on" includeantruntime="false" memoryMaximumSize="1024m" memoryInitialSize="256m" fork="true">
			<src path="${src.dir}"/>
		</javac>
	</target>

	<!-- build the library.jar -->
	<target name="buildLib" depends="compile" description="build the library jar">
		<mkdir dir="${build.dir}"/>
		<jar jarfile="${build.dir}/${libjar}" basedir="${bin.dir}"/>
	</target>
	
	<target name="-pre-build">
	    <exec executable="${ndk.dir}/ndk-build${cmd}" failonerror="true"/>
	</target>

	<!-- generate the monitor.dex -->
	<target name="generateApk" depends="debug" description="generate apk">
		<copy file="bin/appguard-monitor-debug.apk" tofile="${build.dir}/${apkfile}" />
	</target>

<!--
	<target name="release" depends="lib" description="Obfuscate the monitor.jar"> -->
		<!-- Obfuscate library.jar by using proguard -->
		<!--		<taskdef resource="proguard/ant/task.properties" classpath="proguard/proguard.jar"/>
		<proguard>
			-injars      ${dist}/${libjar}
			-outjars     ${dist}/${releaselibjar}
			-libraryjars ${java.home}

			-keep public class com.srt.xpire.Xpire {
				public static byte[] loadXpireImage(byte[]);
			}

			-keep public class com.srt.xpire.Xpire {
				public static int getValidDays(byte[]);
			}
		</proguard>
	</target> -->

	<!-- Clean target -->
	<target name="clean" description="clean up" >
		<delete dir="${bin.dir}"/>
		<delete dir="${build.dir}"/>
	</target>
	
    <!-- version-tag: custom -->
    <import file="${sdk.dir}/tools/ant/build.xml" />
</project>

